Method;Job;AnalyzeLaunchVariance;EvaluateOverhead;MaxAbsoluteError;MaxRelativeError;MinInvokeCount;MinIterationTime;OutlierMode;Affinity;EnvironmentVariables;Jit;LargeAddressAware;Platform;PowerPlanMode;Runtime;AllowVeryLargeObjects;Concurrent;CpuGroups;Force;HeapAffinitizeMask;HeapCount;NoAffinitize;RetainVm;Server;Arguments;BuildConfiguration;Clock;EngineFactory;NuGetReferences;Toolchain;IsMutator;InvocationCount;IterationCount;IterationTime;LaunchCount;MaxIterationCount;MaxWarmupIterationCount;MemoryRandomization;MinIterationCount;MinWarmupIterationCount;RunStrategy;UnrollFactor;WarmupCount;SpriteSize;Mean;Error;StdDev;Median;Ratio;RatioSD;Gen0;Gen1;Gen2;Allocated;Alloc Ratio
ToAnsiString_FromGrid;.NET 8.0;False;Default;Default;Default;Default;Default;Default;11111111111111111111;Empty;RyuJit;Default;X64;8c5e7fda-e8bf-4a96-9a85-a6e23a8c635c;.NET 8.0;False;True;False;True;Default;Default;False;False;False;Default;Default;Default;Default;Default;Default;Default;Default;Default;Default;Default;Default;Default;Default;Default;Default;Default;16;Default;32;18.971 μs;0.9540 μs;2.8130 μs;17.573 μs;1.02;0.21;5.0964;0.0000;0.0000;78.2 KB;1.00
ToAnsiString_HalfTransparent;.NET 8.0;False;Default;Default;Default;Default;Default;Default;11111111111111111111;Empty;RyuJit;Default;X64;8c5e7fda-e8bf-4a96-9a85-a6e23a8c635c;.NET 8.0;False;True;False;True;Default;Default;False;False;False;Default;Default;Default;Default;Default;Default;Default;Default;Default;Default;Default;Default;Default;Default;Default;Default;Default;16;Default;32;17.225 μs;0.7495 μs;2.2098 μs;15.929 μs;0.93;0.18;5.0964;0.0000;0.0000;78.2 KB;1.00
BuildSprite;.NET 8.0;False;Default;Default;Default;Default;Default;Default;11111111111111111111;Empty;RyuJit;Default;X64;8c5e7fda-e8bf-4a96-9a85-a6e23a8c635c;.NET 8.0;False;True;False;True;Default;Default;False;False;False;Default;Default;Default;Default;Default;Default;Default;Default;Default;Default;Default;Default;Default;Default;Default;Default;Default;16;Default;32;5.917 μs;0.0315 μs;0.0280 μs;5.916 μs;0.32;0.04;0.4196;0.0000;0.0000;6.43 KB;0.08
ToAnsiString_FromGrid;.NET 8.0;False;Default;Default;Default;Default;Default;Default;11111111111111111111;Empty;RyuJit;Default;X64;8c5e7fda-e8bf-4a96-9a85-a6e23a8c635c;.NET 8.0;False;True;False;True;Default;Default;False;False;False;Default;Default;Default;Default;Default;Default;Default;Default;Default;Default;Default;Default;Default;Default;Default;Default;Default;16;Default;64;83.925 μs;0.4360 μs;0.4078 μs;84.090 μs;1.00;0.01;45.4102;45.4102;45.4102;298.15 KB;1.00
ToAnsiString_HalfTransparent;.NET 8.0;False;Default;Default;Default;Default;Default;Default;11111111111111111111;Empty;RyuJit;Default;X64;8c5e7fda-e8bf-4a96-9a85-a6e23a8c635c;.NET 8.0;False;True;False;True;Default;Default;False;False;False;Default;Default;Default;Default;Default;Default;Default;Default;Default;Default;Default;Default;Default;Default;Default;Default;Default;16;Default;64;83.809 μs;0.4263 μs;0.3560 μs;83.906 μs;1.00;0.01;45.4102;45.4102;45.4102;298.15 KB;1.00
BuildSprite;.NET 8.0;False;Default;Default;Default;Default;Default;Default;11111111111111111111;Empty;RyuJit;Default;X64;8c5e7fda-e8bf-4a96-9a85-a6e23a8c635c;.NET 8.0;False;True;False;True;Default;Default;False;False;False;Default;Default;Default;Default;Default;Default;Default;Default;Default;Default;Default;Default;Default;Default;Default;Default;Default;16;Default;64;22.227 μs;0.0672 μs;0.0629 μs;22.215 μs;0.26;0.00;1.4343;0.0305;0.0000;22.43 KB;0.08
ToAnsiString_FromGrid;.NET 8.0;False;Default;Default;Default;Default;Default;Default;11111111111111111111;Empty;RyuJit;Default;X64;8c5e7fda-e8bf-4a96-9a85-a6e23a8c635c;.NET 8.0;False;True;False;True;Default;Default;False;False;False;Default;Default;Default;Default;Default;Default;Default;Default;Default;Default;Default;Default;Default;Default;Default;Default;Default;16;Default;128;326.046 μs;1.9408 μs;1.6206 μs;326.149 μs;1.00;0.01;166.5039;166.5039;166.5039;1164.06 KB;1.00
ToAnsiString_HalfTransparent;.NET 8.0;False;Default;Default;Default;Default;Default;Default;11111111111111111111;Empty;RyuJit;Default;X64;8c5e7fda-e8bf-4a96-9a85-a6e23a8c635c;.NET 8.0;False;True;False;True;Default;Default;False;False;False;Default;Default;Default;Default;Default;Default;Default;Default;Default;Default;Default;Default;Default;Default;Default;Default;Default;16;Default;128;323.146 μs;1.4662 μs;1.2997 μs;322.955 μs;0.99;0.01;166.5039;166.5039;166.5039;1164.06 KB;1.00
BuildSprite;.NET 8.0;False;Default;Default;Default;Default;Default;Default;11111111111111111111;Empty;RyuJit;Default;X64;8c5e7fda-e8bf-4a96-9a85-a6e23a8c635c;.NET 8.0;False;True;False;True;Default;Default;False;False;False;Default;Default;Default;Default;Default;Default;Default;Default;Default;Default;Default;Default;Default;Default;Default;Default;Default;16;Default;128;86.437 μs;0.2631 μs;0.2461 μs;86.452 μs;0.27;0.00;5.4932;0.6104;0.0000;84.43 KB;0.07
ToAnsiString_FromGrid;.NET 8.0;False;Default;Default;Default;Default;Default;Default;11111111111111111111;Empty;RyuJit;Default;X64;8c5e7fda-e8bf-4a96-9a85-a6e23a8c635c;.NET 8.0;False;True;False;True;Default;Default;False;False;False;Default;Default;Default;Default;Default;Default;Default;Default;Default;Default;Default;Default;Default;Default;Default;Default;Default;16;Default;256;"1,209.038 μs";23.3617 μs;26.9034 μs;"1,212.039 μs";1.00;0.03;498.0469;496.0938;345.7031;4599.87 KB;1.00
ToAnsiString_HalfTransparent;.NET 8.0;False;Default;Default;Default;Default;Default;Default;11111111111111111111;Empty;RyuJit;Default;X64;8c5e7fda-e8bf-4a96-9a85-a6e23a8c635c;.NET 8.0;False;True;False;True;Default;Default;False;False;False;Default;Default;Default;Default;Default;Default;Default;Default;Default;Default;Default;Default;Default;Default;Default;Default;Default;16;Default;256;"1,271.632 μs";25.2905 μs;65.7334 μs;"1,254.076 μs";1.05;0.06;498.0469;496.0938;345.7031;4599.87 KB;1.00
BuildSprite;.NET 8.0;False;Default;Default;Default;Default;Default;Default;11111111111111111111;Empty;RyuJit;Default;X64;8c5e7fda-e8bf-4a96-9a85-a6e23a8c635c;.NET 8.0;False;True;False;True;Default;Default;False;False;False;Default;Default;Default;Default;Default;Default;Default;Default;Default;Default;Default;Default;Default;Default;Default;Default;Default;16;Default;256;368.507 μs;2.3152 μs;2.1656 μs;367.857 μs;0.30;0.01;62.0117;62.0117;62.0117;328.45 KB;0.07
ToAnsiString_FromGrid;.NET 8.0;False;Default;Default;Default;Default;Default;Default;11111111111111111111;Empty;RyuJit;Default;X64;8c5e7fda-e8bf-4a96-9a85-a6e23a8c635c;.NET 8.0;False;True;False;True;Default;Default;False;False;False;Default;Default;Default;Default;Default;Default;Default;Default;Default;Default;Default;Default;Default;Default;Default;Default;Default;16;Default;512;"5,297.360 μs";80.4101 μs;132.1161 μs;"5,301.053 μs";1.00;0.04;1578.1250;1562.5000;992.1875;18275.19 KB;1.00
ToAnsiString_HalfTransparent;.NET 8.0;False;Default;Default;Default;Default;Default;Default;11111111111111111111;Empty;RyuJit;Default;X64;8c5e7fda-e8bf-4a96-9a85-a6e23a8c635c;.NET 8.0;False;True;False;True;Default;Default;False;False;False;Default;Default;Default;Default;Default;Default;Default;Default;Default;Default;Default;Default;Default;Default;Default;Default;Default;16;Default;512;"5,274.725 μs";41.8931 μs;39.1869 μs;"5,270.123 μs";1.00;0.03;1578.1250;1562.5000;992.1875;18275.19 KB;1.00
BuildSprite;.NET 8.0;False;Default;Default;Default;Default;Default;Default;11111111111111111111;Empty;RyuJit;Default;X64;8c5e7fda-e8bf-4a96-9a85-a6e23a8c635c;.NET 8.0;False;True;False;True;Default;Default;False;False;False;Default;Default;Default;Default;Default;Default;Default;Default;Default;Default;Default;Default;Default;Default;Default;Default;Default;16;Default;512;"1,378.665 μs";20.7225 μs;19.3839 μs;"1,387.993 μs";0.26;0.01;232.4219;226.5625;199.2188;1296.52 KB;0.07
ToAnsiString_FromGrid;.NET 8.0;False;Default;Default;Default;Default;Default;Default;11111111111111111111;Empty;RyuJit;Default;X64;8c5e7fda-e8bf-4a96-9a85-a6e23a8c635c;.NET 8.0;False;True;False;True;Default;Default;False;False;False;Default;Default;Default;Default;Default;Default;Default;Default;Default;Default;Default;Default;Default;Default;Default;Default;Default;16;Default;1024;"22,616.924 μs";393.2603 μs;367.8560 μs;"22,663.213 μs";1.00;0.02;3375.0000;3343.7500;1062.5000;72873.86 KB;1.00
ToAnsiString_HalfTransparent;.NET 8.0;False;Default;Default;Default;Default;Default;Default;11111111111111111111;Empty;RyuJit;Default;X64;8c5e7fda-e8bf-4a96-9a85-a6e23a8c635c;.NET 8.0;False;True;False;True;Default;Default;False;False;False;Default;Default;Default;Default;Default;Default;Default;Default;Default;Default;Default;Default;Default;Default;Default;Default;Default;16;Default;1024;"22,488.393 μs";232.0986 μs;217.1051 μs;"22,511.928 μs";0.99;0.02;3406.2500;3375.0000;1093.7500;72873.87 KB;1.00
BuildSprite;.NET 8.0;False;Default;Default;Default;Default;Default;Default;11111111111111111111;Empty;RyuJit;Default;X64;8c5e7fda-e8bf-4a96-9a85-a6e23a8c635c;.NET 8.0;False;True;False;True;Default;Default;False;False;False;Default;Default;Default;Default;Default;Default;Default;Default;Default;Default;Default;Default;Default;Default;Default;Default;Default;16;Default;1024;"6,323.513 μs";77.6229 μs;68.8107 μs;"6,334.594 μs";0.28;0.01;429.6875;414.0625;296.8750;5152.71 KB;0.07
