Method;Job;AnalyzeLaunchVariance;EvaluateOverhead;MaxAbsoluteError;MaxRelativeError;MinInvokeCount;MinIterationTime;OutlierMode;Affinity;EnvironmentVariables;Jit;LargeAddressAware;Platform;PowerPlanMode;Runtime;AllowVeryLargeObjects;Concurrent;CpuGroups;Force;HeapAffinitizeMask;HeapCount;NoAffinitize;RetainVm;Server;Arguments;BuildConfiguration;Clock;EngineFactory;NuGetReferences;Toolchain;IsMutator;InvocationCount;IterationCount;IterationTime;LaunchCount;MaxIterationCount;MaxWarmupIterationCount;MemoryRandomization;MinIterationCount;MinWarmupIterationCount;RunStrategy;UnrollFactor;WarmupCount;FlagCount;Mean;Error;StdDev;Median;Ratio;RatioSD;Gen0;Gen1;Gen2;Allocated;Alloc Ratio
ToJson;.NET 8.0;False;Default;Default;Default;Default;Default;Default;11111111111111111111;Empty;RyuJit;Default;X64;8c5e7fda-e8bf-4a96-9a85-a6e23a8c635c;.NET 8.0;False;True;False;True;Default;Default;False;False;False;Default;Default;Default;Default;Default;Default;Default;Default;Default;Default;Default;Default;Default;Default;Default;Default;Default;16;Default;10;298.0 ns;5.97 ns;6.13 ns;297.3 ns;1.00;0.03;0.0329;0.0000;0.0000;520 B;1.00
FromJson;.NET 8.0;False;Default;Default;Default;Default;Default;Default;11111111111111111111;Empty;RyuJit;Default;X64;8c5e7fda-e8bf-4a96-9a85-a6e23a8c635c;.NET 8.0;False;True;False;True;Default;Default;False;False;False;Default;Default;Default;Default;Default;Default;Default;Default;Default;Default;Default;Default;Default;Default;Default;Default;Default;16;Default;10;"1,333.8 ns";26.43 ns;31.46 ns;"1,339.1 ns";4.48;0.14;0.2537;0.0019;0.0000;3992 B;7.68
Get_AllFlags;.NET 8.0;False;Default;Default;Default;Default;Default;Default;11111111111111111111;Empty;RyuJit;Default;X64;8c5e7fda-e8bf-4a96-9a85-a6e23a8c635c;.NET 8.0;False;True;False;True;Default;Default;False;False;False;Default;Default;Default;Default;Default;Default;Default;Default;Default;Default;Default;Default;Default;Default;Default;Default;Default;16;Default;10;789.4 ns;31.68 ns;93.42 ns;733.7 ns;2.65;0.32;0.0401;0.0000;0.0000;640 B;1.23
Set_AllFlags;.NET 8.0;False;Default;Default;Default;Default;Default;Default;11111111111111111111;Empty;RyuJit;Default;X64;8c5e7fda-e8bf-4a96-9a85-a6e23a8c635c;.NET 8.0;False;True;False;True;Default;Default;False;False;False;Default;Default;Default;Default;Default;Default;Default;Default;Default;Default;Default;Default;Default;Default;Default;Default;Default;16;Default;10;"1,348.2 ns";26.32 ns;32.32 ns;"1,338.3 ns";4.53;0.14;0.1907;0.0019;0.0000;2992 B;5.75
ToJson;.NET 8.0;False;Default;Default;Default;Default;Default;Default;11111111111111111111;Empty;RyuJit;Default;X64;8c5e7fda-e8bf-4a96-9a85-a6e23a8c635c;.NET 8.0;False;True;False;True;Default;Default;False;False;False;Default;Default;Default;Default;Default;Default;Default;Default;Default;Default;Default;Default;Default;Default;Default;Default;Default;16;Default;100;"3,762.9 ns";153.67 ns;453.10 ns;"3,923.3 ns";1.02;0.21;0.3281;0.0000;0.0000;5168 B;1.00
FromJson;.NET 8.0;False;Default;Default;Default;Default;Default;Default;11111111111111111111;Empty;RyuJit;Default;X64;8c5e7fda-e8bf-4a96-9a85-a6e23a8c635c;.NET 8.0;False;True;False;True;Default;Default;False;False;False;Default;Default;Default;Default;Default;Default;Default;Default;Default;Default;Default;Default;Default;Default;Default;Default;Default;16;Default;100;"15,526.5 ns";207.77 ns;184.18 ns;"15,585.5 ns";4.21;0.72;2.6093;0.2289;0.0000;41000 B;7.93
Get_AllFlags;.NET 8.0;False;Default;Default;Default;Default;Default;Default;11111111111111111111;Empty;RyuJit;Default;X64;8c5e7fda-e8bf-4a96-9a85-a6e23a8c635c;.NET 8.0;False;True;False;True;Default;Default;False;False;False;Default;Default;Default;Default;Default;Default;Default;Default;Default;Default;Default;Default;Default;Default;Default;Default;Default;16;Default;100;"10,017.9 ns";22.29 ns;20.85 ns;"10,014.8 ns";2.72;0.46;0.3815;0.0000;0.0000;6160 B;1.19
Set_AllFlags;.NET 8.0;False;Default;Default;Default;Default;Default;Default;11111111111111111111;Empty;RyuJit;Default;X64;8c5e7fda-e8bf-4a96-9a85-a6e23a8c635c;.NET 8.0;False;True;False;True;Default;Default;False;False;False;Default;Default;Default;Default;Default;Default;Default;Default;Default;Default;Default;Default;Default;Default;Default;Default;Default;16;Default;100;"16,795.4 ns";59.66 ns;46.58 ns;"16,807.9 ns";4.56;0.78;1.9836;0.1678;0.0000;31336 B;6.06
ToJson;.NET 8.0;False;Default;Default;Default;Default;Default;Default;11111111111111111111;Empty;RyuJit;Default;X64;8c5e7fda-e8bf-4a96-9a85-a6e23a8c635c;.NET 8.0;False;True;False;True;Default;Default;False;False;False;Default;Default;Default;Default;Default;Default;Default;Default;Default;Default;Default;Default;Default;Default;Default;Default;Default;16;Default;1000;"38,752.6 ns";386.17 ns;361.23 ns;"38,788.5 ns";1.00;0.01;3.4485;0.0000;0.0000;54672 B;1.00
FromJson;.NET 8.0;False;Default;Default;Default;Default;Default;Default;11111111111111111111;Empty;RyuJit;Default;X64;8c5e7fda-e8bf-4a96-9a85-a6e23a8c635c;.NET 8.0;False;True;False;True;Default;Default;False;False;False;Default;Default;Default;Default;Default;Default;Default;Default;Default;Default;Default;Default;Default;Default;Default;Default;Default;16;Default;1000;"161,885.1 ns";820.89 ns;767.87 ns;"161,763.5 ns";4.18;0.04;26.1230;14.1602;0.0000;411944 B;7.53
Get_AllFlags;.NET 8.0;False;Default;Default;Default;Default;Default;Default;11111111111111111111;Empty;RyuJit;Default;X64;8c5e7fda-e8bf-4a96-9a85-a6e23a8c635c;.NET 8.0;False;True;False;True;Default;Default;False;False;False;Default;Default;Default;Default;Default;Default;Default;Default;Default;Default;Default;Default;Default;Default;Default;Default;Default;16;Default;1000;"106,719.6 ns";198.30 ns;175.79 ns;"106,755.5 ns";2.75;0.03;3.9063;0.0000;0.0000;61360 B;1.12
Set_AllFlags;.NET 8.0;False;Default;Default;Default;Default;Default;Default;11111111111111111111;Empty;RyuJit;Default;X64;8c5e7fda-e8bf-4a96-9a85-a6e23a8c635c;.NET 8.0;False;True;False;True;Default;Default;False;False;False;Default;Default;Default;Default;Default;Default;Default;Default;Default;Default;Default;Default;Default;Default;Default;Default;Default;16;Default;1000;"172,286.3 ns";"3,099.45 ns";"2,747.58 ns";"173,544.4 ns";4.45;0.08;20.0195;11.9629;0.0000;315208 B;5.77
ToJson;.NET 8.0;False;Default;Default;Default;Default;Default;Default;11111111111111111111;Empty;RyuJit;Default;X64;8c5e7fda-e8bf-4a96-9a85-a6e23a8c635c;.NET 8.0;False;True;False;True;Default;Default;False;False;False;Default;Default;Default;Default;Default;Default;Default;Default;Default;Default;Default;Default;Default;Default;Default;Default;Default;16;Default;10000;"518,009.7 ns";"2,411.21 ns";"2,255.44 ns";"518,111.9 ns";1.00;0.01;137.6953;137.6953;137.6953;579761 B;1.00
FromJson;.NET 8.0;False;Default;Default;Default;Default;Default;Default;11111111111111111111;Empty;RyuJit;Default;X64;8c5e7fda-e8bf-4a96-9a85-a6e23a8c635c;.NET 8.0;False;True;False;True;Default;Default;False;False;False;Default;Default;Default;Default;Default;Default;Default;Default;Default;Default;Default;Default;Default;Default;Default;Default;Default;16;Default;10000;"5,783,087.4 ns";"115,031.35 ns";"179,089.96 ns";"5,815,769.9 ns";11.16;0.34;515.6250;507.8125;390.6250;3939946 B;6.80
Get_AllFlags;.NET 8.0;False;Default;Default;Default;Default;Default;Default;11111111111111111111;Empty;RyuJit;Default;X64;8c5e7fda-e8bf-4a96-9a85-a6e23a8c635c;.NET 8.0;False;True;False;True;Default;Default;False;False;False;Default;Default;Default;Default;Default;Default;Default;Default;Default;Default;Default;Default;Default;Default;Default;Default;Default;16;Default;10000;"1,135,742.2 ns";"3,250.42 ns";"2,537.71 ns";"1,136,180.1 ns";2.19;0.01;41.9922;0.0000;0.0000;661361 B;1.14
Set_AllFlags;.NET 8.0;False;Default;Default;Default;Default;Default;Default;11111111111111111111;Empty;RyuJit;Default;X64;8c5e7fda-e8bf-4a96-9a85-a6e23a8c635c;.NET 8.0;False;True;False;True;Default;Default;False;False;False;Default;Default;Default;Default;Default;Default;Default;Default;Default;Default;Default;Default;Default;Default;Default;Default;Default;16;Default;10000;"3,994,679.0 ns";"62,703.40 ns";"58,652.80 ns";"3,972,167.6 ns";7.71;0.11;375.0000;371.0938;242.1875;3051117 B;5.26
